{
    "loss": 2.642887830734253,
    "accuracy": 0.6379310488700867
}